,SLNo,Input Name,Value,Date,Time
0,1,Depth1,4.05,05/16/2019, 00:00:20
1,2,Depth1,4.04,05/16/2019, 00:07:08
2,3,Depth1,4.04,05/16/2019, 00:10:28
3,4,Depth1,4.04,05/16/2019, 00:11:28
4,5,Depth1,4.04,05/16/2019, 00:15:40
5,6,Depth1,4.04,05/16/2019, 00:18:44
6,7,Depth1,4.04,05/16/2019, 00:19:56
7,8,Depth1,4.03,05/16/2019, 00:23:04
8,9,Depth1,4.04,05/16/2019, 00:25:48
9,10,Depth1,4.03,05/16/2019, 00:26:40
10,11,Depth1,4.03,05/16/2019, 00:28:16
11,12,Depth1,4.03,05/16/2019, 00:30:20
12,13,Depth1,4.03,05/16/2019, 00:33:36
13,14,Depth1,4.02,05/16/2019, 00:39:20
14,15,Depth1,4.02,05/16/2019, 00:40:56
15,16,Depth1,4.02,05/16/2019, 00:42:24
16,17,Depth1,4.02,05/16/2019, 00:50:00
17,18,Depth1,4.01,05/16/2019, 01:00:40
18,19,Depth1,4.01,05/16/2019, 01:06:32
19,20,Depth1,4.01,05/16/2019, 01:08:08
20,21,Depth1,4.0,05/16/2019, 01:09:52
21,22,Depth1,4.0,05/16/2019, 01:16:44
22,23,Depth1,4.01,05/16/2019, 01:17:52
23,24,Depth1,4.0,05/16/2019, 01:18:32
24,25,Depth1,4.0,05/16/2019, 01:23:28
25,26,Depth1,3.99,05/16/2019, 01:33:12
26,27,Depth1,3.99,05/16/2019, 01:39:44
27,28,Depth1,3.98,05/16/2019, 01:48:56
28,29,Depth1,3.98,05/16/2019, 01:49:12
29,30,Depth1,3.98,05/16/2019, 01:50:32
30,31,Depth1,3.97,05/16/2019, 01:58:44
31,32,Depth1,3.97,05/16/2019, 02:00:08
32,33,Depth1,3.97,05/16/2019, 02:02:12
33,34,Depth1,3.97,05/16/2019, 02:07:44
34,35,Depth1,3.97,05/16/2019, 02:11:44
35,36,Depth1,3.96,05/16/2019, 02:15:44
36,37,Depth1,3.96,05/16/2019, 02:20:08
37,38,Depth1,3.95,05/16/2019, 02:25:52
38,39,Depth1,3.96,05/16/2019, 02:26:04
39,40,Depth1,3.95,05/16/2019, 02:28:52
40,41,Depth1,3.95,05/16/2019, 02:31:04
41,42,Depth1,3.94,05/16/2019, 02:39:40
42,43,Depth1,3.94,05/16/2019, 02:44:08
43,44,Depth1,3.94,05/16/2019, 02:45:52
44,45,Depth1,3.93,05/16/2019, 02:50:52
45,46,Depth1,3.93,05/16/2019, 02:52:04
46,47,Depth1,3.93,05/16/2019, 02:57:28
47,48,Depth1,3.93,05/16/2019, 02:58:24
48,49,Depth1,3.93,05/16/2019, 03:00:20
49,50,Depth1,3.92,05/16/2019, 03:04:20
50,51,Depth1,3.92,05/16/2019, 03:12:56
51,52,Depth1,3.92,05/16/2019, 03:13:56
52,53,Depth1,3.92,05/16/2019, 03:14:16
53,54,Depth1,3.91,05/16/2019, 03:20:52
54,55,Depth1,3.92,05/16/2019, 03:21:52
55,56,Depth1,3.91,05/16/2019, 03:22:12
56,57,Depth1,3.92,05/16/2019, 03:23:52
57,58,Depth1,3.91,05/16/2019, 03:24:44
58,59,Depth1,3.91,05/16/2019, 03:25:40
59,60,Depth1,3.91,05/16/2019, 03:26:32
60,61,Depth1,3.91,05/16/2019, 03:28:56
61,62,Depth1,3.91,05/16/2019, 03:33:24
62,63,Depth1,3.9,05/16/2019, 03:38:48
63,64,Depth1,3.91,05/16/2019, 03:40:08
64,65,Depth1,3.9,05/16/2019, 03:47:32
65,66,Depth1,3.9,05/16/2019, 03:53:16
66,67,Depth1,3.89,05/16/2019, 03:58:04
67,68,Depth1,3.9,05/16/2019, 04:01:56
68,69,Depth1,3.89,05/16/2019, 04:02:52
69,70,Depth1,3.89,05/16/2019, 04:05:44
70,71,Depth1,3.88,05/16/2019, 04:11:16
71,72,Depth1,3.89,05/16/2019, 04:12:36
72,73,Depth1,3.89,05/16/2019, 04:14:40
73,74,Depth1,3.88,05/16/2019, 04:21:16
74,75,Depth1,3.88,05/16/2019, 04:23:08
75,76,Depth1,3.87,05/16/2019, 04:34:00
76,77,Depth1,3.87,05/16/2019, 04:41:36
77,78,Depth1,3.87,05/16/2019, 04:46:28
78,79,Depth1,3.86,05/16/2019, 04:53:00
79,80,Depth1,3.94,05/16/2019, 04:54:52
80,81,Depth1,3.93,05/16/2019, 04:55:08
81,82,Depth1,3.92,05/16/2019, 04:57:04
82,83,Depth1,3.92,05/16/2019, 05:05:24
83,84,Depth1,3.92,05/16/2019, 05:09:52
84,85,Depth1,3.93,05/16/2019, 05:10:52
85,86,Depth1,3.94,05/16/2019, 05:11:48
86,87,Depth1,3.95,05/16/2019, 05:12:40
87,88,Depth1,3.97,05/16/2019, 05:13:52
88,89,Depth1,3.98,05/16/2019, 05:14:44
89,90,Depth1,4.0,05/16/2019, 05:15:56
90,91,Depth1,4.01,05/16/2019, 05:16:48
91,92,Depth1,4.03,05/16/2019, 05:17:56
92,93,Depth1,4.04,05/16/2019, 05:18:44
93,94,Depth1,4.06,05/16/2019, 05:19:24
94,95,Depth1,4.07,05/16/2019, 05:20:24
95,96,Depth1,4.09,05/16/2019, 05:21:44
96,97,Depth1,4.11,05/16/2019, 05:22:44
97,98,Depth1,4.12,05/16/2019, 05:23:56
98,99,Depth1,4.13,05/16/2019, 05:24:40
99,100,Depth1,4.15,05/16/2019, 05:25:48
100,101,Depth1,4.17,05/16/2019, 05:26:32
101,102,Depth1,4.18,05/16/2019, 05:27:32
102,103,Depth1,4.2,05/16/2019, 05:28:44
103,104,Depth1,4.21,05/16/2019, 05:29:40
104,105,Depth1,4.22,05/16/2019, 05:30:24
105,106,Depth1,4.24,05/16/2019, 05:31:28
106,107,Depth1,4.26,05/16/2019, 05:32:36
107,108,Depth1,4.24,05/16/2019, 05:33:56
108,109,Depth1,4.22,05/16/2019, 05:34:52
109,110,Depth1,4.2,05/16/2019, 05:35:44
110,111,Depth1,4.17,05/16/2019, 05:36:40
111,112,Depth1,4.15,05/16/2019, 05:37:44
112,113,Depth1,4.12,05/16/2019, 05:38:56
113,114,Depth1,4.1,05/16/2019, 05:39:52
114,115,Depth1,4.08,05/16/2019, 05:40:56
115,116,Depth1,4.06,05/16/2019, 05:41:48
116,117,Depth1,4.03,05/16/2019, 05:42:56
117,118,Depth1,4.01,05/16/2019, 05:43:56
118,119,Depth1,3.99,05/16/2019, 05:44:44
119,120,Depth1,3.97,05/16/2019, 05:45:40
120,121,Depth1,3.94,05/16/2019, 05:46:56
121,122,Depth1,3.92,05/16/2019, 05:47:56
122,123,Depth1,3.89,05/16/2019, 05:48:56
123,124,Depth1,3.88,05/16/2019, 05:49:48
124,125,Depth1,3.85,05/16/2019, 05:50:52
125,126,Depth1,3.83,05/16/2019, 05:51:52
126,127,Depth1,3.81,05/16/2019, 05:52:44
127,128,Depth1,3.78,05/16/2019, 05:53:40
128,129,Depth1,3.75,05/16/2019, 05:54:52
129,130,Depth1,3.73,05/16/2019, 05:55:44
130,131,Depth1,3.71,05/16/2019, 05:56:44
131,132,Depth1,3.68,05/16/2019, 05:57:56
132,133,Depth1,3.66,05/16/2019, 05:58:48
133,134,Depth1,3.63,05/16/2019, 05:59:52
134,135,Depth1,3.6,05/16/2019, 06:00:52
135,136,Depth1,3.58,05/16/2019, 06:01:52
136,137,Depth1,3.57,05/16/2019, 06:02:40
137,138,Depth1,3.54,05/16/2019, 06:03:56
138,139,Depth1,3.51,05/16/2019, 06:04:56
139,140,Depth1,3.49,05/16/2019, 06:05:48
140,141,Depth1,3.47,05/16/2019, 06:06:48
141,142,Depth1,3.45,05/16/2019, 06:07:36
142,143,Depth1,3.42,05/16/2019, 06:08:36
143,144,Depth1,3.39,05/16/2019, 06:09:44
144,145,Depth1,3.37,05/16/2019, 06:10:52
145,146,Depth1,3.33,05/16/2019, 06:11:52
146,147,Depth1,3.32,05/16/2019, 06:12:48
147,148,Depth1,3.29,05/16/2019, 06:13:24
148,149,Depth1,3.27,05/16/2019, 06:14:52
149,150,Depth1,3.25,05/16/2019, 06:15:56
150,151,Depth1,3.23,05/16/2019, 06:16:48
151,152,Depth1,3.2,05/16/2019, 06:17:44
152,153,Depth1,3.17,05/16/2019, 06:18:56
153,154,Depth1,3.15,05/16/2019, 06:19:56
154,155,Depth1,3.13,05/16/2019, 06:20:40
155,156,Depth1,3.11,05/16/2019, 06:21:36
156,157,Depth1,3.09,05/16/2019, 06:22:40
157,158,Depth1,3.07,05/16/2019, 06:23:36
158,159,Depth1,3.05,05/16/2019, 06:24:44
159,160,Depth1,3.02,05/16/2019, 06:25:44
160,161,Depth1,3.0,05/16/2019, 06:26:48
161,162,Depth1,2.98,05/16/2019, 06:27:56
162,163,Depth1,2.96,05/16/2019, 06:28:56
163,164,Depth1,2.94,05/16/2019, 06:29:44
164,165,Depth1,2.92,05/16/2019, 06:30:48
165,166,Depth1,2.89,05/16/2019, 06:31:56
166,167,Depth1,2.88,05/16/2019, 06:32:56
167,168,Depth1,2.85,05/16/2019, 06:33:52
168,169,Depth1,2.91,05/16/2019, 06:34:56
169,170,Depth1,2.81,05/16/2019, 06:35:52
170,171,Depth1,2.79,05/16/2019, 06:36:48
171,172,Depth1,2.77,05/16/2019, 06:37:48
172,173,Depth1,2.75,05/16/2019, 06:38:56
173,174,Depth1,2.73,05/16/2019, 06:39:56
174,175,Depth1,2.71,05/16/2019, 06:40:52
175,176,Depth1,2.7,05/16/2019, 06:41:40
176,177,Depth1,2.68,05/16/2019, 06:42:56
177,178,Depth1,2.63,05/16/2019, 06:43:56
178,179,Depth1,2.64,05/16/2019, 06:44:56
179,180,Depth1,2.61,05/16/2019, 06:45:56
180,181,Depth1,2.59,05/16/2019, 06:46:52
181,182,Depth1,2.58,05/16/2019, 06:47:28
182,183,Depth1,2.56,05/16/2019, 06:48:44
183,184,Depth1,2.56,05/16/2019, 06:49:24
184,185,Depth1,2.57,05/16/2019, 06:50:56
185,186,Depth1,2.59,05/16/2019, 06:51:52
186,187,Depth1,2.61,05/16/2019, 06:52:56
187,188,Depth1,2.62,05/16/2019, 06:53:56
188,189,Depth1,2.62,05/16/2019, 06:54:56
189,190,Depth1,2.63,05/16/2019, 06:55:56
190,191,Depth1,2.66,05/16/2019, 06:56:52
191,192,Depth1,2.74,05/16/2019, 06:57:56
192,193,Depth1,2.68,05/16/2019, 06:58:56
193,194,Depth1,2.7,05/16/2019, 06:59:52
194,195,Depth1,2.72,05/16/2019, 07:00:52
195,196,Depth1,2.74,05/16/2019, 07:01:56
196,197,Depth1,2.74,05/16/2019, 07:02:56
197,198,Depth1,2.75,05/16/2019, 07:03:56
198,199,Depth1,2.77,05/16/2019, 07:04:56
199,200,Depth1,2.79,05/16/2019, 07:05:56
200,201,Depth1,2.8,05/16/2019, 07:06:48
201,202,Depth1,2.81,05/16/2019, 07:07:48
202,203,Depth1,2.82,05/16/2019, 07:08:48
203,204,Depth1,2.85,05/16/2019, 07:09:56
204,205,Depth1,2.86,05/16/2019, 07:10:48
205,206,Depth1,2.86,05/16/2019, 07:11:52
206,207,Depth1,2.89,05/16/2019, 07:12:56
207,208,Depth1,2.91,05/16/2019, 07:13:52
208,209,Depth1,2.98,05/16/2019, 07:14:56
209,210,Depth1,2.94,05/16/2019, 07:15:56
210,211,Depth1,2.95,05/16/2019, 07:16:48
211,212,Depth1,2.95,05/16/2019, 07:17:40
212,213,Depth1,2.97,05/16/2019, 07:18:52
213,214,Depth1,2.99,05/16/2019, 07:19:56
214,215,Depth1,3.0,05/16/2019, 07:20:52
215,216,Depth1,3.02,05/16/2019, 07:21:40
216,217,Depth1,3.03,05/16/2019, 07:22:44
217,218,Depth1,3.04,05/16/2019, 07:23:40
218,219,Depth1,3.07,05/16/2019, 07:24:56
219,220,Depth1,3.08,05/16/2019, 07:25:52
220,221,Depth1,3.09,05/16/2019, 07:26:40
221,222,Depth1,3.1,05/16/2019, 07:27:52
222,223,Depth1,3.11,05/16/2019, 07:28:52
223,224,Depth1,3.13,05/16/2019, 07:29:40
224,225,Depth1,3.15,05/16/2019, 07:30:52
225,226,Depth1,3.15,05/16/2019, 07:31:48
226,227,Depth1,3.16,05/16/2019, 07:32:56
227,228,Depth1,3.18,05/16/2019, 07:33:56
228,229,Depth1,3.19,05/16/2019, 07:34:52
229,230,Depth1,3.18,05/16/2019, 07:35:56
230,231,Depth1,3.22,05/16/2019, 07:36:56
231,232,Depth1,3.22,05/16/2019, 07:37:56
232,233,Depth1,3.23,05/16/2019, 07:38:52
233,234,Depth1,3.24,05/16/2019, 07:39:48
234,235,Depth1,3.25,05/16/2019, 07:40:36
235,236,Depth1,3.26,05/16/2019, 07:41:44
236,237,Depth1,3.28,05/16/2019, 07:42:56
237,238,Depth1,3.29,05/16/2019, 07:43:52
238,239,Depth1,3.31,05/16/2019, 07:44:40
239,240,Depth1,3.31,05/16/2019, 07:45:40
240,241,Depth1,3.33,05/16/2019, 07:46:56
241,242,Depth1,3.34,05/16/2019, 07:47:48
242,243,Depth1,3.36,05/16/2019, 07:48:48
243,244,Depth1,3.37,05/16/2019, 07:49:28
244,245,Depth1,3.39,05/16/2019, 07:50:48
245,246,Depth1,3.41,05/16/2019, 07:51:56
246,247,Depth1,3.42,05/16/2019, 07:52:48
247,248,Depth1,3.43,05/16/2019, 07:53:48
248,249,Depth1,3.45,05/16/2019, 07:54:48
249,250,Depth1,3.46,05/16/2019, 07:55:56
250,251,Depth1,3.47,05/16/2019, 07:56:52
251,252,Depth1,3.49,05/16/2019, 07:57:48
252,253,Depth1,3.51,05/16/2019, 07:58:36
253,254,Depth1,3.53,05/16/2019, 07:59:48
254,255,Depth1,3.54,05/16/2019, 08:00:52
255,256,Depth1,3.55,05/16/2019, 08:01:52
256,257,Depth1,3.57,05/16/2019, 08:02:48
257,258,Depth1,3.59,05/16/2019, 08:03:44
258,259,Depth1,3.6,05/16/2019, 08:04:56
259,260,Depth1,3.6,05/16/2019, 08:05:56
260,261,Depth1,3.62,05/16/2019, 08:06:48
261,262,Depth1,3.64,05/16/2019, 08:07:20
262,263,Depth1,3.66,05/16/2019, 08:08:56
263,264,Depth1,3.68,05/16/2019, 08:09:56
264,265,Depth1,3.69,05/16/2019, 08:10:44
265,266,Depth1,3.7,05/16/2019, 08:11:40
266,267,Depth1,3.71,05/16/2019, 08:12:52
267,268,Depth1,3.73,05/16/2019, 08:13:40
268,269,Depth1,3.75,05/16/2019, 08:14:48
269,270,Depth1,3.77,05/16/2019, 08:15:56
270,271,Depth1,3.78,05/16/2019, 08:16:56
271,272,Depth1,3.79,05/16/2019, 08:17:48
272,273,Depth1,3.81,05/16/2019, 08:18:44
273,274,Depth1,3.82,05/16/2019, 08:19:32
274,275,Depth1,3.84,05/16/2019, 08:20:48
275,276,Depth1,3.84,05/16/2019, 08:21:56
276,277,Depth1,3.86,05/16/2019, 08:22:48
277,278,Depth1,3.87,05/16/2019, 08:23:40
278,279,Depth1,3.89,05/16/2019, 08:24:44
279,280,Depth1,3.9,05/16/2019, 08:25:40
280,281,Depth1,3.91,05/16/2019, 08:26:52
281,282,Depth1,3.93,05/16/2019, 08:27:56
282,283,Depth1,3.94,05/16/2019, 08:28:48
283,284,Depth1,3.96,05/16/2019, 08:29:56
284,285,Depth1,3.97,05/16/2019, 08:30:48
285,286,Depth1,3.98,05/16/2019, 08:31:56
286,287,Depth1,3.99,05/16/2019, 08:32:36
287,288,Depth1,4.0,05/16/2019, 08:33:32
288,289,Depth1,4.02,05/16/2019, 08:34:56
289,290,Depth1,4.03,05/16/2019, 08:35:32
290,291,Depth1,4.05,05/16/2019, 08:36:52
291,292,Depth1,4.06,05/16/2019, 08:37:32
292,293,Depth1,4.08,05/16/2019, 08:38:48
293,294,Depth1,4.09,05/16/2019, 08:39:40
294,295,Depth1,4.11,05/16/2019, 08:40:56
295,296,Depth1,4.12,05/16/2019, 08:41:56
296,297,Depth1,4.13,05/16/2019, 08:42:40
297,298,Depth1,4.14,05/16/2019, 08:43:36
298,299,Depth1,4.16,05/16/2019, 08:44:44
299,300,Depth1,4.17,05/16/2019, 08:45:36
300,301,Depth1,4.19,05/16/2019, 08:46:52
301,302,Depth1,4.2,05/16/2019, 08:47:28
302,303,Depth1,4.22,05/16/2019, 08:48:52
303,304,Depth1,4.23,05/16/2019, 08:49:40
304,305,Depth1,4.24,05/16/2019, 08:50:44
305,306,Depth1,4.24,05/16/2019, 08:52:48
306,307,Depth1,4.24,05/16/2019, 08:53:04
307,308,Depth1,4.24,05/16/2019, 08:54:00
308,309,Depth1,4.24,05/16/2019, 08:56:52
309,310,Depth1,4.23,05/16/2019, 09:19:08
310,311,Depth1,4.23,05/16/2019, 09:29:44
311,312,Depth1,4.24,05/16/2019, 09:38:20
312,313,Depth1,4.24,05/16/2019, 09:39:12
313,314,Depth1,4.24,05/16/2019, 09:46:32
314,315,Depth1,4.24,05/16/2019, 09:47:04
315,316,Depth1,4.25,05/16/2019, 09:48:56
316,317,Depth1,4.25,05/16/2019, 09:49:44
317,318,Depth1,4.25,05/16/2019, 09:50:56
318,319,Depth1,4.32,05/16/2019, 09:51:56
319,320,Depth1,4.12,05/16/2019, 09:52:00
320,321,Depth1,4.11,05/16/2019, 10:00:36
321,322,Depth1,4.12,05/16/2019, 10:08:20
322,323,Depth1,4.12,05/16/2019, 10:15:36
323,324,Depth1,4.13,05/16/2019, 10:16:04
324,325,Depth1,4.13,05/16/2019, 10:17:08
325,326,Depth1,4.14,05/16/2019, 10:18:48
326,327,Depth1,4.14,05/16/2019, 10:19:52
327,328,Depth1,4.15,05/16/2019, 10:20:28
328,329,Depth1,4.15,05/16/2019, 10:21:44
329,330,Depth1,4.16,05/16/2019, 10:27:56
330,331,Depth1,4.17,05/16/2019, 10:28:56
331,332,Depth1,4.16,05/16/2019, 10:29:44
332,333,Depth1,4.17,05/16/2019, 10:30:56
333,334,Depth1,4.18,05/16/2019, 10:31:48
334,335,Depth1,4.18,05/16/2019, 10:33:24
335,336,Depth1,4.17,05/16/2019, 10:34:24
336,337,Depth1,4.18,05/16/2019, 10:36:36
337,338,Depth1,4.19,05/16/2019, 10:37:40
338,339,Depth1,4.2,05/16/2019, 10:38:12
339,340,Depth1,4.17,05/16/2019, 10:39:36
340,341,Depth1,4.16,05/16/2019, 10:40:56
341,342,Depth1,4.16,05/16/2019, 10:42:48
342,343,Depth1,4.15,05/16/2019, 10:43:20
343,344,Depth1,4.13,05/16/2019, 10:44:40
344,345,Depth1,4.13,05/16/2019, 10:45:24
345,346,Depth1,4.13,05/16/2019, 10:46:56
346,347,Depth1,4.12,05/16/2019, 10:47:44
347,348,Depth1,4.12,05/16/2019, 10:48:40
348,349,Depth1,4.11,05/16/2019, 10:50:04
349,350,Depth1,4.1,05/16/2019, 10:52:16
350,351,Depth1,4.1,05/16/2019, 10:55:40
351,352,Depth1,4.09,05/16/2019, 11:05:44
352,353,Depth1,4.08,05/16/2019, 11:07:52
353,354,Depth1,4.08,05/16/2019, 11:08:16
354,355,Depth1,4.07,05/16/2019, 11:09:24
355,356,Depth1,4.06,05/16/2019, 11:14:52
356,357,Depth1,4.05,05/16/2019, 11:15:24
357,358,Depth1,4.05,05/16/2019, 11:16:28
358,359,Depth1,4.04,05/16/2019, 11:18:16
359,360,Depth1,4.04,05/16/2019, 11:30:52
360,361,Depth1,4.03,05/16/2019, 11:32:52
361,362,Depth1,4.03,05/16/2019, 11:35:24
362,363,Depth1,4.02,05/16/2019, 11:38:04
363,364,Depth1,4.01,05/16/2019, 11:46:16
364,365,Depth1,4.01,05/16/2019, 11:55:04
365,366,Depth1,4.0,05/16/2019, 12:02:20
366,367,Depth1,4.0,05/16/2019, 12:02:20
367,368,Depth1,4.0,05/16/2019, 12:03:36
368,369,Depth1,4.0,05/16/2019, 12:09:48
369,370,Depth1,3.99,05/16/2019, 12:16:44
370,371,Depth1,3.99,05/16/2019, 12:24:20
371,372,Depth1,3.98,05/16/2019, 12:28:32
372,373,Depth1,3.98,05/16/2019, 12:31:04
373,374,Depth1,3.97,05/16/2019, 12:33:24
374,375,Depth1,3.97,05/16/2019, 12:36:44
375,376,Depth1,3.96,05/16/2019, 12:46:28
376,377,Depth1,3.95,05/16/2019, 12:55:52
377,378,Depth1,3.95,05/16/2019, 13:02:44
378,379,Depth1,3.95,05/16/2019, 13:11:52
379,380,Depth1,3.95,05/16/2019, 13:12:36
380,381,Depth1,3.94,05/16/2019, 13:16:08
381,382,Depth1,3.94,05/16/2019, 13:27:12
382,383,Depth1,3.93,05/16/2019, 13:38:32
383,384,Depth1,3.93,05/16/2019, 13:46:32
384,385,Depth1,3.92,05/16/2019, 13:51:32
385,386,Depth1,3.91,05/16/2019, 13:52:36
386,387,Depth1,3.91,05/16/2019, 13:56:08
387,388,Depth1,3.9,05/16/2019, 13:58:36
388,389,Depth1,3.9,05/16/2019, 14:07:20
389,390,Depth1,3.89,05/16/2019, 14:15:40
390,391,Depth1,3.89,05/16/2019, 14:17:36
391,392,Depth1,3.88,05/16/2019, 14:20:28
392,393,Depth1,3.88,05/16/2019, 14:29:16
393,394,Depth1,3.87,05/16/2019, 14:40:08
394,395,Depth1,3.87,05/16/2019, 14:48:56
395,396,Depth1,3.86,05/16/2019, 14:52:32
396,397,Depth1,3.85,05/16/2019, 14:55:20
397,398,Depth1,3.85,05/16/2019, 14:57:44
398,399,Depth1,3.84,05/16/2019, 15:06:04
399,400,Depth1,3.84,05/16/2019, 15:12:20
400,401,Depth1,3.83,05/16/2019, 15:18:28
401,402,Depth1,3.83,05/16/2019, 15:25:20
402,403,Depth1,3.83,05/16/2019, 15:28:24
403,404,Depth1,3.82,05/16/2019, 15:31:44
404,405,Depth1,3.82,05/16/2019, 15:36:36
405,406,Depth1,3.81,05/16/2019, 15:44:08
406,407,Depth1,3.81,05/16/2019, 15:50:40
407,408,Depth1,3.8,05/16/2019, 15:58:08
408,409,Depth1,3.79,05/16/2019, 15:59:52
409,410,Depth1,3.79,05/16/2019, 16:03:16
410,411,Depth1,3.78,05/16/2019, 16:05:04
411,412,Depth1,3.78,05/16/2019, 16:12:40
412,413,Depth1,3.77,05/16/2019, 16:19:28
413,414,Depth1,3.77,05/16/2019, 16:26:44
414,415,Depth1,3.76,05/16/2019, 16:32:48
415,416,Depth1,3.77,05/16/2019, 16:33:52
416,417,Depth1,3.78,05/16/2019, 16:34:48
417,418,Depth1,3.8,05/16/2019, 16:35:56
418,419,Depth1,3.81,05/16/2019, 16:36:44
419,420,Depth1,3.82,05/16/2019, 16:37:36
420,421,Depth1,3.84,05/16/2019, 16:38:40
421,422,Depth1,3.85,05/16/2019, 16:39:36
422,423,Depth1,3.87,05/16/2019, 16:40:44
423,424,Depth1,3.88,05/16/2019, 16:41:36
424,425,Depth1,3.85,05/16/2019, 16:42:56
425,426,Depth1,3.82,05/16/2019, 16:43:56
426,427,Depth1,3.8,05/16/2019, 16:44:56
427,428,Depth1,3.78,05/16/2019, 16:45:44
428,429,Depth1,3.75,05/16/2019, 16:46:52
429,430,Depth1,3.73,05/16/2019, 16:47:44
430,431,Depth1,3.71,05/16/2019, 16:48:56
431,432,Depth1,3.68,05/16/2019, 16:49:52
432,433,Depth1,3.66,05/16/2019, 16:50:44
433,434,Depth1,3.64,05/16/2019, 16:51:44
434,435,Depth1,3.61,05/16/2019, 16:52:52
435,436,Depth1,3.59,05/16/2019, 16:53:40
436,437,Depth1,3.56,05/16/2019, 16:54:56
437,438,Depth1,3.54,05/16/2019, 16:55:44
438,439,Depth1,3.52,05/16/2019, 16:56:48
439,440,Depth1,3.49,05/16/2019, 16:57:44
440,441,Depth1,3.46,05/16/2019, 16:58:52
441,442,Depth1,3.44,05/16/2019, 16:59:48
442,443,Depth1,3.43,05/16/2019, 17:00:28
443,444,Depth1,3.4,05/16/2019, 17:01:52
444,445,Depth1,3.37,05/16/2019, 17:02:52
445,446,Depth1,3.35,05/16/2019, 17:03:44
446,447,Depth1,3.32,05/16/2019, 17:04:56
447,448,Depth1,3.3,05/16/2019, 17:05:28
448,449,Depth1,3.27,05/16/2019, 17:06:48
449,450,Depth1,3.25,05/16/2019, 17:07:52
450,451,Depth1,3.23,05/16/2019, 17:08:52
451,452,Depth1,3.2,05/16/2019, 17:09:48
452,453,Depth1,3.18,05/16/2019, 17:10:56
453,454,Depth1,3.15,05/16/2019, 17:11:44
454,455,Depth1,3.12,05/16/2019, 17:12:56
455,456,Depth1,3.1,05/16/2019, 17:13:48
456,457,Depth1,3.08,05/16/2019, 17:14:56
457,458,Depth1,3.05,05/16/2019, 17:15:52
458,459,Depth1,3.04,05/16/2019, 17:16:52
459,460,Depth1,3.01,05/16/2019, 17:17:52
460,461,Depth1,2.99,05/16/2019, 17:18:52
461,462,Depth1,2.96,05/16/2019, 17:19:56
462,463,Depth1,2.94,05/16/2019, 17:20:36
463,464,Depth1,2.92,05/16/2019, 17:21:40
464,465,Depth1,2.93,05/16/2019, 17:22:56
465,466,Depth1,2.87,05/16/2019, 17:23:52
466,467,Depth1,2.84,05/16/2019, 17:24:52
467,468,Depth1,2.83,05/16/2019, 17:25:48
468,469,Depth1,2.8,05/16/2019, 17:26:56
469,470,Depth1,2.79,05/16/2019, 17:27:52
470,471,Depth1,2.76,05/16/2019, 17:28:56
471,472,Depth1,2.74,05/16/2019, 17:29:52
472,473,Depth1,2.71,05/16/2019, 17:30:52
473,474,Depth1,2.69,05/16/2019, 17:31:56
474,475,Depth1,2.66,05/16/2019, 17:32:48
475,476,Depth1,2.65,05/16/2019, 17:33:56
476,477,Depth1,2.62,05/16/2019, 17:34:56
477,478,Depth1,2.6,05/16/2019, 17:35:52
478,479,Depth1,2.59,05/16/2019, 17:36:52
479,480,Depth1,2.62,05/16/2019, 17:37:56
480,481,Depth1,2.61,05/16/2019, 17:38:56
481,482,Depth1,2.73,05/16/2019, 17:39:56
482,483,Depth1,2.65,05/16/2019, 17:40:56
483,484,Depth1,2.66,05/16/2019, 17:41:56
484,485,Depth1,2.69,05/16/2019, 17:42:48
485,486,Depth1,2.69,05/16/2019, 17:43:48
486,487,Depth1,2.72,05/16/2019, 17:44:56
487,488,Depth1,2.72,05/16/2019, 17:44:56
488,489,Depth1,2.73,05/16/2019, 17:45:28
489,490,Depth1,2.75,05/16/2019, 17:46:56
490,491,Depth1,2.76,05/16/2019, 17:47:56
491,492,Depth1,2.79,05/16/2019, 17:48:56
492,493,Depth1,2.81,05/16/2019, 17:49:56
493,494,Depth1,2.89,05/16/2019, 17:50:56
494,495,Depth1,2.82,05/16/2019, 17:51:56
495,496,Depth1,2.85,05/16/2019, 17:52:52
496,497,Depth1,2.86,05/16/2019, 17:53:52
497,498,Depth1,2.88,05/16/2019, 17:54:44
498,499,Depth1,2.88,05/16/2019, 17:55:48
499,500,Depth1,2.91,05/16/2019, 17:56:52
500,501,Depth1,2.92,05/16/2019, 17:57:28
501,502,Depth1,2.94,05/16/2019, 17:58:52
502,503,Depth1,2.96,05/16/2019, 17:59:56
503,504,Depth1,2.97,05/16/2019, 18:00:56
504,505,Depth1,2.98,05/16/2019, 18:01:40
505,506,Depth1,3.01,05/16/2019, 18:02:52
506,507,Depth1,3.02,05/16/2019, 18:03:28
507,508,Depth1,3.03,05/16/2019, 18:04:32
508,509,Depth1,3.04,05/16/2019, 18:05:56
509,510,Depth1,3.06,05/16/2019, 18:06:52
510,511,Depth1,3.06,05/16/2019, 18:07:56
511,512,Depth1,3.09,05/16/2019, 18:08:56
512,513,Depth1,3.11,05/16/2019, 18:09:52
513,514,Depth1,3.12,05/16/2019, 18:10:40
514,515,Depth1,3.14,05/16/2019, 18:11:56
515,516,Depth1,3.16,05/16/2019, 18:12:52
516,517,Depth1,3.17,05/16/2019, 18:13:40
517,518,Depth1,3.18,05/16/2019, 18:14:32
518,519,Depth1,3.2,05/16/2019, 18:15:56
519,520,Depth1,3.27,05/16/2019, 18:16:56
520,521,Depth1,3.22,05/16/2019, 18:17:56
521,522,Depth1,3.24,05/16/2019, 18:18:36
522,523,Depth1,3.26,05/16/2019, 18:19:36
523,524,Depth1,3.27,05/16/2019, 18:20:56
524,525,Depth1,3.3,05/16/2019, 18:21:56
525,526,Depth1,3.3,05/16/2019, 18:22:44
526,527,Depth1,3.32,05/16/2019, 18:23:52
527,528,Depth1,3.34,05/16/2019, 18:24:48
528,529,Depth1,3.35,05/16/2019, 18:25:52
529,530,Depth1,3.37,05/16/2019, 18:26:36
530,531,Depth1,3.38,05/16/2019, 18:27:32
531,532,Depth1,3.4,05/16/2019, 18:28:52
532,533,Depth1,3.41,05/16/2019, 18:29:56
533,534,Depth1,3.43,05/16/2019, 18:30:56
534,535,Depth1,3.44,05/16/2019, 18:31:32
535,536,Depth1,3.44,05/16/2019, 18:32:56
536,537,Depth1,3.47,05/16/2019, 18:33:20
537,538,Depth1,3.49,05/16/2019, 18:34:48
538,539,Depth1,3.5,05/16/2019, 18:35:40
539,540,Depth1,3.52,05/16/2019, 18:36:48
540,541,Depth1,3.54,05/16/2019, 18:37:44
541,542,Depth1,3.55,05/16/2019, 18:38:44
542,543,Depth1,3.56,05/16/2019, 18:39:36
543,544,Depth1,3.58,05/16/2019, 18:40:44
544,545,Depth1,3.6,05/16/2019, 18:41:52
545,546,Depth1,3.61,05/16/2019, 18:42:52
546,547,Depth1,3.63,05/16/2019, 18:43:52
547,548,Depth1,3.64,05/16/2019, 18:44:32
548,549,Depth1,3.66,05/16/2019, 18:45:56
549,550,Depth1,3.67,05/16/2019, 18:46:48
550,551,Depth1,3.69,05/16/2019, 18:47:52
551,552,Depth1,3.7,05/16/2019, 18:48:56
552,553,Depth1,3.71,05/16/2019, 18:49:44
553,554,Depth1,3.73,05/16/2019, 18:50:44
554,555,Depth1,3.75,05/16/2019, 18:51:56
555,556,Depth1,3.77,05/16/2019, 18:52:52
556,557,Depth1,3.78,05/16/2019, 18:53:44
557,558,Depth1,3.79,05/16/2019, 18:54:48
558,559,Depth1,3.81,05/16/2019, 18:55:28
559,560,Depth1,3.82,05/16/2019, 18:56:48
560,561,Depth1,3.84,05/16/2019, 18:57:36
561,562,Depth1,3.85,05/16/2019, 18:58:44
562,563,Depth1,3.87,05/16/2019, 18:59:56
563,564,Depth1,3.89,05/16/2019, 19:00:56
564,565,Depth1,3.9,05/16/2019, 19:01:44
565,566,Depth1,3.92,05/16/2019, 19:02:52
566,567,Depth1,3.93,05/16/2019, 19:03:40
567,568,Depth1,3.95,05/16/2019, 19:04:40
568,569,Depth1,3.96,05/16/2019, 19:05:56
569,570,Depth1,3.97,05/16/2019, 19:06:44
570,571,Depth1,3.99,05/16/2019, 19:07:52
571,572,Depth1,4.0,05/16/2019, 19:08:52
572,573,Depth1,4.02,05/16/2019, 19:09:56
573,574,Depth1,4.03,05/16/2019, 19:10:52
574,575,Depth1,4.04,05/16/2019, 19:11:52
575,576,Depth1,4.06,05/16/2019, 19:12:32
576,577,Depth1,4.07,05/16/2019, 19:13:36
577,578,Depth1,4.09,05/16/2019, 19:14:56
578,579,Depth1,4.11,05/16/2019, 19:15:56
579,580,Depth1,4.11,05/16/2019, 19:16:56
580,581,Depth1,4.13,05/16/2019, 19:17:56
581,582,Depth1,4.15,05/16/2019, 19:18:48
582,583,Depth1,4.17,05/16/2019, 19:19:48
583,584,Depth1,4.18,05/16/2019, 19:20:52
584,585,Depth1,4.2,05/16/2019, 19:21:52
585,586,Depth1,4.21,05/16/2019, 19:22:56
586,587,Depth1,4.22,05/16/2019, 19:23:36
587,588,Depth1,4.23,05/16/2019, 19:24:16
588,589,Depth1,4.25,05/16/2019, 19:25:52
589,590,Depth1,4.25,05/16/2019, 19:26:12
590,591,Depth1,4.26,05/16/2019, 19:27:08
591,592,Depth1,4.27,05/16/2019, 19:28:12
592,593,Depth1,4.26,05/16/2019, 19:29:28
593,594,Depth1,4.26,05/16/2019, 19:30:32
594,595,Depth1,4.25,05/16/2019, 19:31:00
595,596,Depth1,4.25,05/16/2019, 19:32:24
596,597,Depth1,4.24,05/16/2019, 19:33:20
597,598,Depth1,4.24,05/16/2019, 19:34:44
598,599,Depth1,4.23,05/16/2019, 19:36:24
599,600,Depth1,4.22,05/16/2019, 19:39:04
600,601,Depth1,4.22,05/16/2019, 19:41:48
601,602,Depth1,4.22,05/16/2019, 19:43:36
602,603,Depth1,4.21,05/16/2019, 19:47:56
603,604,Depth1,4.21,05/16/2019, 19:51:04
604,605,Depth1,4.21,05/16/2019, 19:56:40
605,606,Depth1,4.2,05/16/2019, 19:57:04
606,607,Depth1,4.2,05/16/2019, 20:01:28
607,608,Depth1,4.19,05/16/2019, 20:08:16
608,609,Depth1,4.18,05/16/2019, 20:14:00
609,610,Depth1,4.18,05/16/2019, 20:21:32
610,611,Depth1,4.17,05/16/2019, 20:28:12
611,612,Depth1,4.17,05/16/2019, 20:34:40
612,613,Depth1,4.16,05/16/2019, 20:41:56
613,614,Depth1,4.16,05/16/2019, 20:48:20
614,615,Depth1,4.15,05/16/2019, 20:55:40
615,616,Depth1,4.15,05/16/2019, 21:02:40
616,617,Depth1,4.14,05/16/2019, 21:09:44
617,618,Depth1,4.14,05/16/2019, 21:10:40
618,619,Depth1,4.13,05/16/2019, 21:17:24
619,620,Depth1,4.13,05/16/2019, 21:26:40
620,621,Depth1,4.12,05/16/2019, 21:32:36
621,622,Depth1,4.12,05/16/2019, 21:38:12
622,623,Depth1,4.11,05/16/2019, 21:46:32
623,624,Depth1,4.11,05/16/2019, 21:54:12
624,625,Depth1,4.1,05/16/2019, 22:00:36
625,626,Depth1,4.09,05/16/2019, 22:07:28
626,627,Depth1,4.09,05/16/2019, 22:14:56
627,628,Depth1,4.09,05/16/2019, 22:18:00
628,629,Depth1,4.08,05/16/2019, 22:21:44
629,630,Depth1,4.08,05/16/2019, 22:22:48
630,631,Depth1,4.08,05/16/2019, 22:29:20
631,632,Depth1,4.07,05/16/2019, 22:35:48
632,633,Depth1,4.07,05/16/2019, 22:42:48
633,634,Depth1,4.06,05/16/2019, 22:46:20
634,635,Depth1,4.06,05/16/2019, 22:51:56
635,636,Depth1,4.05,05/16/2019, 22:57:40
636,637,Depth1,4.05,05/16/2019, 23:06:28
637,638,Depth1,4.04,05/16/2019, 23:12:00
638,639,Depth1,4.04,05/16/2019, 23:18:32
639,640,Depth1,4.03,05/16/2019, 23:26:56
640,641,Depth1,4.03,05/16/2019, 23:33:48
641,642,Depth1,4.02,05/16/2019, 23:40:00
642,643,Depth1,4.02,05/16/2019, 23:48:12
643,644,Depth1,4.02,05/16/2019, 23:49:04
644,645,Depth1,4.01,05/16/2019, 23:52:20
